{
    "resnet18": {
        "accuracy": 0.825,
        "precision": 0.8310982899319092,
        "recall": 0.825,
        "f1": 0.82419046886813,
        "sensitivity": 0.8928571428571429,
        "specificity": 0.7571428571428571
    },
    "efficientnet_b0": {
        "accuracy": 0.8214285714285714,
        "precision": 0.823076923076923,
        "recall": 0.8214285714285714,
        "f1": 0.8212005108556831,
        "sensitivity": 0.7857142857142857,
        "specificity": 0.8571428571428571
    },
    "densenet121": {
        "accuracy": 0.8,
        "precision": 0.80625,
        "recall": 0.8,
        "f1": 0.798974358974359,
        "sensitivity": 0.7285714285714285,
        "specificity": 0.8714285714285714
    }
}